Identifier,gene_symbol
chr10:22618232_G_A,COMMD3
chr10:22618232_G_A,COMMD3-BMI1
chr10:22618256_G_T,COMMD3
chr10:22618256_G_T,COMMD3-BMI1
chr11:193788_G_T,SCGB1C1
chr11:194439_G_A,SCGB1C1
chr11:56143354_C_A,OR8U1
chr11:56143772_A_G,OR8U1
chr11:56467994_T_A,OR9G1
chr11:5655908_G_C,TRIM6-TRIM34
chr11:5655908_G_C,HBG2
chr11:5655908_G_C,TRIM34
chr11:65340872_G_A,FAM89B
chr11:66411340_C_T,RBM4
chr12:10530791_A_T,KLRK1
chr13:103491961_C_T,BIVM
chr13:103510705_A_C,ERCC5
chr13:103515104_G_T,ERCC5
chr13:103520574_C_A,ERCC5
chr14:24687357_A_G,NEDD8
chr14:74522367_A_T,CCDC176
chr15:25222023_G_A,SNURF
chr15:42135962_G_A,JMJD7-PLA2G4B
chr15:42137059_C_T,JMJD7-PLA2G4B
chr15:90380894_C_A,AP3S2
chr16:4412114_C_T,CORO7
chr17:21319054_T_A,KCNJ12
chr17:38249442_A_G,THRA
chr17:38249442_A_G,NR1D1
chr17:7460209_T_C,TNFSF12-TNFSF13
chr18:29848181_G_T,GAREM
chr18:29868084_T_A,GAREM
chr1:155162039_C_A,MUC1
chr1:156212572_G_T,BGLAP
chr1:156212572_G_T,PMF1-BGLAP
chr1:75005934_T_G,TNNI3K
chr20:3146867_A_G,LZTS3
chr21:35757830_C_A,SMIM11
chr22:45241164_T_A,PRR5-ARHGAP8
chr22:45241164_T_A,ARHGAP8
chr2:160628480_T_G,CD302
chr2:160628466_A_G,CD302
chr2:160636518_G_C,CD302
chr2:160673438_T_C,CD302
chr2:160673406_T_A,CD302
chr2:160721392_G_T,LY75-CD302
chr2:170592314_C_T,KLHL23
chr2:170592711_G_T,KLHL23
chr2:18745293_G_C,NT5C1B
chr2:48808233_A_T,STON1
chr2:48809206_G_T,STON1
chr2:48809495_C_G,STON1
chr2:48809594_G_A,STON1
chr2:48873728_G_T,STON1-GTF2A1L
chr2:48874178_G_T,STON1-GTF2A1L
chr2:53955928_C_A,GPR75-ASB3
chr3:159609903_G_C,SCHIP1
chr4:70465058_C_T,UGT2A2
chr5:139907464_G_T,ANKHD1
chr5:139907524_C_G,ANKHD1
chr7:128049407_C_A,IMPDH1
chr7:150439522_A_G,GIMAP5
chr7:99022936_G_A,ATP5MF-PTCD1
chr9:112642958_A_G,PALM2
chr9:112899674_C_T,PALM2-AKAP2
chr9:112900009_G_A,PALM2-AKAP2
chr9:112900247_C_T,PALM2-AKAP2
chr9:21974675_A_G,CDKN2A
chrX:101970561_G_A,GPRASP2
chrX:151283840_G_C,MAGEA5
chrX:36103504_A_C,CHDC2
chrX:36103555_C_T,CHDC2
chr7:99023206_G_A,ATP5MF-PTCD1
chr10:22607063_G_A,COMMD3
,